DeviceID,TransactionID,DeviceType,DeviceOS,TransactionIP,TransactionLocation
1,1,POS Terminal,Android,203.213.147.20,"Davidburgh, Bangladesh"
2,2,ATM Machine,iOS,11.217.159.31,"Kelseyside, United States Minor Outlying Islands"
3,3,Mobile,iOS,182.86.201.245,"Adamville, Malaysia"
4,4,Mobile,Linux,176.13.83.165,"West Jenniferville, Holy See (Vatican City State)"
5,5,Laptop,Android,30.100.36.156,"East Timothychester, Mali"
6,6,ATM Machine,Windows,191.233.158.27,"Costabury, Anguilla"
7,7,ATM Machine,iOS,207.6.188.162,"Lake Joshua, Saint Kitts and Nevis"
8,8,Laptop,Windows,203.183.81.146,"Ponceton, Argentina"
9,9,ATM Machine,iOS,118.231.213.150,"East Sarahton, Palestinian Territory"
10,10,ATM Machine,Windows,53.234.174.218,"Timothyfurt, Morocco"
11,11,POS Terminal,iOS,36.232.4.104,"North Charlottemouth, Marshall Islands"
12,12,Laptop,iOS,188.224.168.101,"Port Lindseyside, Russian Federation"
13,13,ATM Machine,Android,146.96.255.56,"Lisahaven, Sao Tome and Principe"
14,14,Laptop,Linux,92.136.169.93,"New Patriciastad, Tonga"
15,15,Laptop,Android,97.58.242.130,"Lake Kathleen, Pakistan"
16,16,ATM Machine,Windows,155.58.111.140,"North Monicashire, Brunei Darussalam"
17,17,Mobile,Linux,94.30.216.214,"Josephberg, Luxembourg"
18,18,Laptop,Android,205.208.247.214,"Maldonadoside, Netherlands Antilles"
19,19,ATM Machine,Linux,165.207.224.22,"Martinport, Heard Island and McDonald Islands"
20,20,ATM Machine,Android,121.143.154.131,"Alexandrastad, Peru"
21,21,Mobile,Linux,222.71.114.31,"New Diane, Switzerland"
22,22,Mobile,Android,36.235.197.46,"Donaldshire, Denmark"
23,23,POS Terminal,Windows,162.15.157.84,"Lake Karen, Serbia"
24,24,Laptop,Linux,189.111.202.196,"East Brittanyborough, Australia"
25,25,POS Terminal,iOS,41.123.253.240,"Lake Marissa, United Kingdom"
26,26,POS Terminal,Android,168.31.105.178,"East Joseside, Solomon Islands"
27,27,Laptop,Windows,192.65.136.107,"Lake Joann, Guam"
28,28,Mobile,Android,3.40.25.6,"East Maryview, Monaco"
29,29,Laptop,Linux,189.160.161.58,"Cindytown, Puerto Rico"
30,30,Laptop,Windows,65.14.24.196,"Williambury, Samoa"
31,31,POS Terminal,iOS,213.65.205.162,"Patriciahaven, Antarctica (the territory South of 60 deg S)"
32,32,POS Terminal,Windows,93.174.77.225,"Louiston, Argentina"
33,33,Laptop,Windows,63.48.128.72,"West Christopher, China"
34,34,Mobile,Android,148.183.178.126,"Aaronberg, Bermuda"
35,35,ATM Machine,iOS,18.32.222.245,"Johnsonview, Madagascar"
36,36,POS Terminal,iOS,81.166.3.61,"East Karen, Finland"
37,37,ATM Machine,Linux,85.166.42.103,"Cardenasmouth, Suriname"
38,38,ATM Machine,Android,216.78.254.198,"Port John, Congo"
39,39,ATM Machine,Windows,75.124.95.99,"Andrewburgh, Belarus"
40,40,Mobile,iOS,108.148.123.184,"Lake Angelatown, Cote d'Ivoire"
41,41,ATM Machine,iOS,100.227.122.237,"New Angelabury, Hong Kong"
42,42,POS Terminal,Windows,17.74.35.192,"South Carol, Holy See (Vatican City State)"
43,43,POS Terminal,Android,78.57.237.245,"Lawsonville, Syrian Arab Republic"
44,44,Mobile,Android,212.14.105.132,"Thompsonshire, Peru"
45,45,POS Terminal,Windows,107.250.176.255,"Shannonhaven, Jersey"
46,46,ATM Machine,Linux,173.92.39.188,"Port Bryanfurt, Ecuador"
47,47,Laptop,Windows,110.19.252.253,"Briantown, Costa Rica"
48,48,Laptop,iOS,139.194.120.222,"Lake James, Montenegro"
49,49,ATM Machine,iOS,59.67.90.226,"East Marymouth, Sao Tome and Principe"
50,50,Laptop,Android,30.171.115.69,"West Angelafort, Tanzania"
51,51,Mobile,iOS,83.199.166.89,"East Davidport, Guinea"
52,52,ATM Machine,iOS,27.68.133.104,"Phillipsbury, Tuvalu"
53,53,ATM Machine,iOS,145.0.85.154,"Brockside, Suriname"
54,54,POS Terminal,Android,198.26.212.7,"Anitamouth, United Arab Emirates"
55,55,Mobile,Android,44.183.182.250,"East Dustin, Hong Kong"
56,56,POS Terminal,Linux,44.213.228.235,"Ericamouth, Uzbekistan"
57,57,Laptop,Android,217.188.7.169,"New Cameron, Swaziland"
58,58,POS Terminal,iOS,166.15.58.117,"Obrienland, Switzerland"
59,59,POS Terminal,Windows,121.128.180.251,"New Randy, Solomon Islands"
60,60,Mobile,Linux,9.186.65.5,"Travismouth, Lesotho"
61,61,Laptop,iOS,97.71.249.241,"Orrchester, Uganda"
62,62,ATM Machine,Windows,84.249.134.84,"New Alexisside, Bolivia"
63,63,POS Terminal,Linux,22.29.147.23,"North Aaronstad, Lesotho"
64,64,Laptop,Linux,101.43.34.164,"Garymouth, Solomon Islands"
65,65,Laptop,Linux,109.6.38.218,"South Rhonda, Dominica"
66,66,Laptop,Linux,192.194.133.174,"North Jeffreyburgh, Tokelau"
67,67,ATM Machine,Windows,69.15.250.162,"East Travisfort, Nicaragua"
68,68,ATM Machine,Windows,178.23.101.155,"Lake Christopher, Estonia"
69,69,Laptop,Linux,19.210.83.104,"Lake Johnbury, Afghanistan"
70,70,ATM Machine,Linux,171.48.111.230,"Wilsonshire, Seychelles"
71,71,ATM Machine,iOS,22.180.148.158,"Kylefort, Puerto Rico"
72,72,POS Terminal,Windows,128.249.212.88,"Port Tinaport, Djibouti"
73,73,POS Terminal,iOS,86.58.179.9,"West Paige, Guyana"
74,74,Laptop,Android,53.128.42.247,"Hughesborough, Bahamas"
75,75,Mobile,Linux,22.120.213.97,"Kellychester, Gabon"
76,76,POS Terminal,iOS,4.239.77.22,"Maryside, Mayotte"
77,77,POS Terminal,Android,70.86.72.235,"North Jimmy, Cayman Islands"
78,78,Laptop,Android,15.1.38.27,"Andresview, United Kingdom"
79,79,ATM Machine,iOS,143.106.97.47,"West Ricky, Serbia"
80,80,Mobile,iOS,209.180.217.228,"Port Michelletown, Tokelau"
81,81,ATM Machine,Android,21.226.141.234,"South Michaelton, Micronesia"
82,82,POS Terminal,Windows,107.241.106.79,"Hollandside, Iceland"
83,83,POS Terminal,Windows,177.252.7.87,"Whiteside, Papua New Guinea"
84,84,Mobile,Windows,71.171.196.5,"Amandaborough, Panama"
85,85,Laptop,Linux,139.139.195.129,"South Arthurstad, British Indian Ocean Territory (Chagos Archipelago)"
86,86,ATM Machine,Windows,211.233.42.169,"New Christianhaven, Djibouti"
87,87,Mobile,iOS,180.189.106.160,"Lake Victorialand, Slovakia (Slovak Republic)"
88,88,Mobile,iOS,210.246.20.56,"Deannafort, Tanzania"
89,89,ATM Machine,Linux,39.143.154.21,"Lake Jimport, Bahamas"
90,90,Laptop,Windows,181.232.211.79,"Ramosview, Armenia"
91,91,Laptop,iOS,90.46.91.235,"Amandahaven, Serbia"
92,92,ATM Machine,Windows,194.9.12.219,"Lake Michael, Peru"
93,93,Mobile,Windows,83.237.78.39,"Robertschester, Kiribati"
94,94,POS Terminal,Linux,26.99.53.134,"East Thomasfort, Venezuela"
95,95,Laptop,Windows,44.112.199.99,"Wagnerburgh, Guernsey"
96,96,ATM Machine,iOS,189.17.184.7,"Jamesville, Guam"
97,97,Mobile,iOS,4.165.111.31,"Hayesfort, Macedonia"
98,98,Laptop,Android,86.51.130.86,"Port Allen, Samoa"
99,99,Mobile,Linux,199.32.112.72,"Littleborough, Timor-Leste"
100,100,Mobile,Windows,16.25.34.176,"Earlchester, Portugal"
101,101,ATM Machine,iOS,110.216.238.27,"Amyhaven, Saudi Arabia"
102,102,POS Terminal,Android,142.61.227.73,"South Sarah, San Marino"
103,103,ATM Machine,iOS,200.97.243.136,"Briannaview, Lesotho"
104,104,POS Terminal,Android,71.76.144.6,"North Daniel, Germany"
105,105,Mobile,Windows,2.166.181.139,"East Ronaldbury, Belize"
106,106,Laptop,Linux,75.244.114.53,"South Nathan, Guinea"
107,107,ATM Machine,Windows,1.125.106.26,"Port Josephland, Isle of Man"
108,108,Laptop,Windows,68.3.220.203,"Port Danielville, Macedonia"
109,109,Laptop,Linux,41.187.26.39,"Martinton, Morocco"
110,110,Mobile,Windows,98.253.248.129,"Kelleymouth, Niue"
111,111,Mobile,iOS,181.110.165.113,"New Vanessa, Kuwait"
112,112,POS Terminal,Windows,157.99.62.54,"Kennethshire, Nauru"
113,113,Laptop,Linux,179.83.225.58,"West Dillonview, South Georgia and the South Sandwich Islands"
114,114,POS Terminal,iOS,86.95.242.61,"East Derek, Guinea"
115,115,ATM Machine,Android,157.75.85.188,"Steeleburgh, Guam"
116,116,Laptop,iOS,40.245.238.5,"Mendozaton, United States Minor Outlying Islands"
117,117,POS Terminal,Android,90.28.238.184,"Knightside, Guam"
118,118,ATM Machine,Linux,204.61.231.46,"North Gregory, Lao People's Democratic Republic"
119,119,ATM Machine,Linux,61.23.116.37,"Lindsayburgh, Montenegro"
120,120,ATM Machine,Android,24.157.66.22,"Mccoyton, Colombia"
121,121,Mobile,iOS,86.180.81.9,"East Robertside, Pitcairn Islands"
122,122,ATM Machine,Android,175.110.11.27,"Floresstad, Bosnia and Herzegovina"
123,123,Mobile,Linux,37.213.24.45,"Lake Paulmouth, Ghana"
124,124,Laptop,iOS,52.6.5.96,"East Mariaview, Israel"
125,125,POS Terminal,iOS,194.56.189.90,"Coxfort, Norway"
126,126,Mobile,Android,211.56.52.112,"South Marvin, Gibraltar"
127,127,POS Terminal,iOS,53.43.125.199,"Markberg, Guinea"
128,128,Mobile,iOS,92.171.168.89,"Thomasburgh, Haiti"
129,129,Laptop,Android,178.188.138.126,"New Cynthiatown, Turks and Caicos Islands"
130,130,POS Terminal,Android,99.31.176.158,"Sloanbury, Panama"
131,131,ATM Machine,Linux,135.5.244.97,"Floydland, Bangladesh"
132,132,Laptop,Linux,113.170.196.165,"Fernandezburgh, Uzbekistan"
133,133,Laptop,Android,194.31.200.153,"Lake Michael, Somalia"
134,134,POS Terminal,iOS,182.120.80.143,"South Sarahstad, Liechtenstein"
135,135,Laptop,Linux,180.233.181.99,"Jeanettestad, Netherlands Antilles"
136,136,Laptop,iOS,210.46.48.4,"Mendezmouth, Norway"
137,137,ATM Machine,Android,145.0.151.34,"New Charles, Tuvalu"
138,138,ATM Machine,Windows,204.203.208.192,"Leeland, Saint Kitts and Nevis"
139,139,POS Terminal,Windows,78.125.67.135,"South Eric, Belarus"
140,140,Mobile,Windows,183.32.41.111,"Jessicaland, Austria"
141,141,POS Terminal,Windows,109.48.239.187,"East Robin, Zimbabwe"
142,142,POS Terminal,Linux,89.184.132.15,"Port Amandabury, Reunion"
143,143,POS Terminal,iOS,20.12.93.245,"Lake Alexanderville, Ireland"
144,144,Mobile,Windows,8.162.38.219,"Brandonville, Saint Kitts and Nevis"
145,145,Mobile,Android,48.148.141.50,"Port Valerietown, Panama"
146,146,POS Terminal,Android,205.152.163.61,"West Jeffery, Vanuatu"
147,147,ATM Machine,Android,57.231.103.110,"Garciahaven, Japan"
148,148,Laptop,iOS,215.218.81.217,"West Michael, Mali"
149,149,Laptop,iOS,207.15.243.249,"South Taylor, Comoros"
150,150,POS Terminal,Linux,108.119.167.195,"Michaelberg, Greenland"
151,151,POS Terminal,Android,69.152.159.79,"Palmershire, Turkey"
152,152,ATM Machine,Windows,221.130.38.69,"Coffeyville, Comoros"
153,153,POS Terminal,iOS,68.125.96.25,"Courtneyport, Saint Helena"
154,154,ATM Machine,Android,63.99.38.148,"Flemingchester, Sri Lanka"
155,155,POS Terminal,Windows,58.10.100.165,"Kathleenland, Zambia"
156,156,Laptop,iOS,27.194.2.68,"Josephfurt, Saint Kitts and Nevis"
157,157,POS Terminal,Linux,172.206.32.64,"Curtisborough, Estonia"
158,158,Laptop,Linux,78.177.142.210,"Sanchezview, Christmas Island"
159,159,ATM Machine,Linux,97.24.119.78,"Christineshire, Central African Republic"
160,160,Mobile,Android,168.95.103.64,"Hicksside, Oman"
161,161,ATM Machine,Linux,220.226.174.157,"Lake Jonathanland, Christmas Island"
162,162,ATM Machine,Windows,1.40.149.104,"West Kimberly, Macao"
163,163,Laptop,Linux,65.172.112.219,"Joyceburgh, French Southern Territories"
164,164,Mobile,Windows,221.159.201.85,"East Ashleychester, Bouvet Island (Bouvetoya)"
165,165,ATM Machine,Android,20.100.35.196,"Reidstad, Kiribati"
166,166,POS Terminal,Windows,134.203.144.219,"North Robert, Liechtenstein"
167,167,ATM Machine,Linux,104.58.18.236,"New Peterfort, Guam"
168,168,POS Terminal,Windows,207.70.174.210,"Chrisbury, Bermuda"
169,169,ATM Machine,iOS,30.39.99.203,"Burtonshire, Faroe Islands"
170,170,ATM Machine,Linux,191.54.244.59,"Amberchester, Belgium"
171,171,Laptop,iOS,12.251.81.63,"West Steven, Tuvalu"
172,172,POS Terminal,iOS,74.164.8.6,"South Gary, Djibouti"
173,173,Laptop,iOS,79.181.18.118,"Christopherview, Netherlands"
174,174,Mobile,iOS,173.177.44.0,"Garciabury, Zambia"
175,175,POS Terminal,iOS,201.94.204.149,"Williammouth, Niue"
176,176,POS Terminal,Linux,173.160.186.58,"New Ashley, Lao People's Democratic Republic"
177,177,POS Terminal,Windows,162.77.103.156,"Carolton, Chile"
178,178,Laptop,Linux,106.245.245.206,"Duranstad, Timor-Leste"
179,179,Laptop,iOS,217.245.40.196,"South Nicolas, Bulgaria"
180,180,ATM Machine,Linux,209.216.2.1,"Pamport, Malaysia"
181,181,Laptop,Windows,117.150.9.0,"Davidfort, American Samoa"
182,182,ATM Machine,Android,23.197.190.254,"Elizabethberg, Russian Federation"
183,183,Mobile,Android,220.53.129.147,"Andersonbury, Estonia"
184,184,ATM Machine,Linux,165.111.209.16,"Joneschester, Montenegro"
185,185,Laptop,iOS,17.60.204.117,"North Crystalton, Qatar"
186,186,Laptop,Linux,84.63.63.15,"Holtside, Madagascar"
187,187,POS Terminal,iOS,116.25.255.194,"Scottport, Botswana"
188,188,Laptop,Android,10.16.86.73,"Stephaniehaven, Puerto Rico"
189,189,POS Terminal,Linux,46.147.41.173,"West Paul, El Salvador"
190,190,ATM Machine,Android,28.185.214.193,"South Amberborough, Myanmar"
191,191,POS Terminal,iOS,173.248.172.60,"Natashaport, Togo"
192,192,Mobile,Linux,176.57.143.35,"Melissatown, Norfolk Island"
193,193,Laptop,Linux,218.131.67.0,"East Deborah, United Arab Emirates"
194,194,Mobile,Linux,113.208.246.227,"South Veronicafort, Christmas Island"
195,195,POS Terminal,iOS,164.242.224.106,"Maryfurt, Benin"
196,196,ATM Machine,Linux,183.23.189.156,"Hillview, Australia"
197,197,ATM Machine,Windows,180.126.168.233,"Fraziermouth, Martinique"
198,198,Laptop,Android,161.156.151.231,"Carriestad, Western Sahara"
199,199,ATM Machine,iOS,102.25.48.192,"Holtborough, Kiribati"
200,200,Laptop,Windows,90.224.72.138,"Ruizfurt, Afghanistan"
201,201,Mobile,Android,146.83.183.237,"Port Christy, Qatar"
202,202,POS Terminal,Windows,71.215.48.41,"New Jeffrey, Azerbaijan"
203,203,POS Terminal,Windows,140.41.79.88,"Ericksonshire, Iraq"
204,204,ATM Machine,iOS,124.242.146.135,"Fosterhaven, Saint Vincent and the Grenadines"
205,205,Laptop,Windows,66.191.13.240,"Shellyshire, Benin"
206,206,Laptop,Linux,107.71.166.143,"Danaburgh, Monaco"
207,207,Laptop,Android,160.203.161.96,"Levyfurt, Tonga"
208,208,ATM Machine,Windows,218.32.14.224,"Lake Antonioville, Poland"
209,209,ATM Machine,Windows,6.180.85.169,"East Dustinchester, Mauritius"
210,210,Mobile,Windows,80.48.218.146,"West Felicia, Malaysia"
211,211,Mobile,Windows,140.229.123.6,"South Stanley, France"
212,212,POS Terminal,iOS,207.215.186.76,"East George, Iran"
213,213,POS Terminal,Windows,42.228.149.78,"Gregorybury, Montserrat"
214,214,ATM Machine,Linux,87.167.159.25,"Lake Karenborough, Costa Rica"
215,215,POS Terminal,iOS,219.165.122.58,"West Autumn, Turkmenistan"
216,216,ATM Machine,Android,39.241.170.134,"West Cameron, Congo"
217,217,ATM Machine,iOS,26.144.163.140,"Lake John, Russian Federation"
218,218,Mobile,Windows,107.75.134.38,"Port Leslieland, Moldova"
219,219,ATM Machine,Linux,32.146.210.204,"Port Tylerhaven, Barbados"
220,220,ATM Machine,iOS,27.29.97.224,"East Jeffreyfurt, Sweden"
221,221,POS Terminal,Linux,106.86.28.234,"North Brandon, Chad"
222,222,Mobile,Windows,209.5.34.180,"Port Holly, American Samoa"
223,223,POS Terminal,Windows,9.93.202.212,"Annbury, Yemen"
224,224,ATM Machine,Android,27.142.232.79,"Careyhaven, Mozambique"
225,225,Mobile,Linux,160.241.94.167,"East Nancy, Eritrea"
226,226,Laptop,Android,78.135.110.249,"West Audrey, Holy See (Vatican City State)"
227,227,POS Terminal,Linux,35.254.1.78,"Lauraview, Haiti"
228,228,Laptop,Android,116.117.218.175,"New Andrewbury, Cayman Islands"
229,229,Mobile,Android,136.41.219.188,"New Nicholas, Myanmar"
230,230,Mobile,Android,155.76.177.99,"South Daisymouth, Ireland"
231,231,POS Terminal,Linux,161.130.58.53,"South Kennethside, Kazakhstan"
232,232,Laptop,Windows,21.168.47.108,"Rodriguezchester, Bahamas"
233,233,POS Terminal,iOS,74.31.163.240,"Lake Susan, Turks and Caicos Islands"
234,234,Mobile,Linux,32.173.244.35,"South Jennifer, Gabon"
235,235,Laptop,iOS,156.205.163.12,"Brandonburgh, Saint Lucia"
236,236,ATM Machine,Windows,69.236.228.180,"South Susanton, Eritrea"
237,237,Laptop,Linux,103.27.173.220,"Anthonyton, Marshall Islands"
238,238,Laptop,Windows,23.15.219.224,"Danielville, Falkland Islands (Malvinas)"
239,239,Laptop,Android,73.198.199.223,"North Josephberg, Tajikistan"
240,240,ATM Machine,Windows,106.0.190.28,"Nicholashaven, Mauritania"
241,241,Mobile,Windows,65.246.9.163,"Frederickton, Benin"
242,242,Mobile,Android,146.200.226.164,"Meyerchester, Barbados"
243,243,Mobile,iOS,145.58.25.178,"Kristinberg, Jordan"
244,244,POS Terminal,Android,39.67.160.106,"North Abigail, Uruguay"
245,245,POS Terminal,Windows,54.180.151.254,"Colemouth, Sri Lanka"
246,246,ATM Machine,Windows,108.167.83.89,"Leahville, Paraguay"
247,247,POS Terminal,iOS,102.85.156.40,"Stevenside, Belarus"
248,248,ATM Machine,Windows,175.62.59.51,"South Evan, Greece"
249,249,Laptop,Windows,190.169.54.107,"South Sarahtown, Pitcairn Islands"
250,250,POS Terminal,Windows,71.39.194.0,"Andrewtown, Holy See (Vatican City State)"
251,251,Laptop,Android,221.27.67.242,"Jonathanhaven, Greenland"
252,252,POS Terminal,Linux,59.236.137.122,"Normaborough, Montenegro"
253,253,ATM Machine,iOS,113.21.204.11,"West Krista, Guinea-Bissau"
254,254,POS Terminal,Linux,196.248.168.139,"Port Bryanland, Hungary"
255,255,ATM Machine,Windows,173.145.90.251,"Johnsonburgh, Gambia"
256,256,Laptop,Android,72.238.79.20,"South Michael, Panama"
257,257,POS Terminal,Linux,138.102.103.117,"Atkinsland, Palau"
258,258,Laptop,Android,52.14.185.250,"South Chelseaside, Germany"
259,259,ATM Machine,Linux,160.98.111.182,"West Lisachester, Malawi"
260,260,Mobile,Windows,135.158.184.120,"North Dylan, Micronesia"
261,261,POS Terminal,Android,97.73.169.114,"Morrisbury, Chad"
262,262,Mobile,iOS,40.243.188.20,"South Ashleystad, Bahamas"
263,263,POS Terminal,Android,20.144.232.47,"North Mathewberg, Martinique"
264,264,ATM Machine,Android,108.229.171.5,"North Michael, Mauritania"
265,265,POS Terminal,Windows,49.138.150.91,"Snyderstad, Solomon Islands"
266,266,Laptop,iOS,26.67.11.167,"New Kellyhaven, Honduras"
267,267,ATM Machine,Linux,157.214.199.189,"Kimbury, Papua New Guinea"
268,268,POS Terminal,Windows,207.5.46.215,"Larrystad, Singapore"
269,269,ATM Machine,iOS,38.221.180.102,"South Paulmouth, Algeria"
270,270,ATM Machine,iOS,91.194.214.62,"Ellisburgh, French Southern Territories"
271,271,ATM Machine,Android,70.210.45.1,"Port Ashleytown, Sierra Leone"
272,272,Mobile,Android,93.17.189.180,"West Eric, American Samoa"
273,273,Mobile,Android,8.90.151.248,"North Diane, French Southern Territories"
274,274,POS Terminal,Android,189.193.52.44,"North Toni, Paraguay"
275,275,ATM Machine,iOS,90.38.44.196,"East Tara, Solomon Islands"
276,276,POS Terminal,Android,72.161.134.128,"East Stephanieburgh, Slovenia"
277,277,ATM Machine,Windows,152.143.31.27,"Michaelland, Colombia"
278,278,Laptop,iOS,46.248.35.49,"Lake Ricky, Seychelles"
279,279,ATM Machine,Linux,7.146.105.160,"Lunafort, India"
280,280,ATM Machine,Windows,76.64.235.158,"Brianland, China"
281,281,Laptop,Windows,82.26.28.254,"Lake Mary, Egypt"
282,282,ATM Machine,Linux,102.138.123.180,"West Jeremymouth, Singapore"
283,283,ATM Machine,Windows,64.250.247.220,"Port Josemouth, Chile"
284,284,Laptop,iOS,43.172.209.126,"East Andrewburgh, Reunion"
285,285,Laptop,iOS,128.186.225.58,"Port Jacob, Libyan Arab Jamahiriya"
286,286,Mobile,Android,59.182.163.95,"Knightport, Azerbaijan"
287,287,ATM Machine,iOS,1.146.175.65,"Petersville, Netherlands"
288,288,ATM Machine,Android,65.141.212.164,"Karenstad, Samoa"
289,289,ATM Machine,Linux,2.232.104.180,"Jonathanmouth, Montenegro"
290,290,Laptop,iOS,119.220.84.173,"Matthewside, French Southern Territories"
291,291,POS Terminal,iOS,69.121.220.78,"North Kristiville, Iran"
292,292,Mobile,Linux,74.58.225.122,"Port Tina, France"
293,293,Laptop,Windows,42.13.21.203,"Yolandaville, Latvia"
294,294,Laptop,Android,213.161.242.224,"New Jessicaport, Liberia"
295,295,ATM Machine,Windows,128.139.51.10,"North Joe, Brazil"
296,296,Mobile,Windows,114.211.9.201,"Lewisburgh, Namibia"
297,297,ATM Machine,Linux,18.170.91.50,"Lake Tonymouth, Spain"
298,298,Laptop,Android,106.163.126.204,"Lake John, Mozambique"
299,299,Laptop,Windows,5.27.75.214,"Allenfort, Estonia"
300,300,POS Terminal,Linux,201.218.132.202,"North Paul, Kenya"
301,301,POS Terminal,Windows,169.252.2.127,"New Mariafort, Bouvet Island (Bouvetoya)"
302,302,ATM Machine,Windows,40.46.32.127,"West Anthony, Cook Islands"
303,303,Mobile,Android,218.209.49.129,"Michaelside, Bermuda"
304,304,ATM Machine,iOS,85.247.160.26,"South Kelly, Tuvalu"
305,305,Laptop,Linux,208.26.28.225,"Johnsonland, Saint Lucia"
306,306,Mobile,Linux,110.102.199.84,"Hallborough, Kiribati"
307,307,ATM Machine,Android,182.44.73.54,"Harrisonbury, India"
308,308,ATM Machine,Windows,45.107.234.193,"East Brandon, Lesotho"
309,309,Laptop,Windows,3.116.104.208,"Dayfort, Slovakia (Slovak Republic)"
310,310,Laptop,iOS,86.222.33.57,"Port Krystal, Trinidad and Tobago"
311,311,Laptop,Android,207.46.130.123,"Rebeccaborough, Turks and Caicos Islands"
312,312,Mobile,Linux,122.213.249.70,"Port Robert, Belarus"
313,313,ATM Machine,Linux,146.207.52.253,"Chadside, Montserrat"
314,314,Mobile,Windows,179.149.197.9,"Anaburgh, Bosnia and Herzegovina"
315,315,ATM Machine,iOS,82.34.201.250,"Harrellport, Cote d'Ivoire"
316,316,Mobile,iOS,126.204.38.20,"Michaelville, Somalia"
317,317,Laptop,Linux,188.14.209.103,"Port Brittney, Congo"
318,318,ATM Machine,Linux,122.67.27.61,"Port Matthew, Central African Republic"
319,319,ATM Machine,Android,72.78.32.17,"Lake Dawn, Saint Martin"
320,320,POS Terminal,Windows,133.102.114.138,"Wesleybury, Saint Barthelemy"
321,321,Mobile,Android,182.201.24.7,"Bowenview, Honduras"
322,322,POS Terminal,Linux,73.176.133.211,"Grimesfurt, Luxembourg"
323,323,Mobile,Linux,23.76.209.3,"Scottshire, British Indian Ocean Territory (Chagos Archipelago)"
324,324,Laptop,Linux,170.43.167.16,"Port Erikside, Colombia"
325,325,POS Terminal,Windows,15.70.103.108,"Rickytown, Belarus"
326,326,ATM Machine,Windows,210.216.89.230,"New Lauraview, Nigeria"
327,327,Laptop,iOS,119.216.194.137,"Paulfurt, Denmark"
328,328,POS Terminal,Linux,94.72.46.74,"East Danielmouth, Western Sahara"
329,329,Laptop,Linux,117.153.53.231,"East Joshuabury, Antarctica (the territory South of 60 deg S)"
330,330,Mobile,Linux,8.165.200.97,"Vasquezstad, United States Minor Outlying Islands"
331,331,Mobile,Android,103.203.123.51,"Port Wendy, Guadeloupe"
332,332,ATM Machine,Windows,130.83.41.221,"West Adam, Luxembourg"
333,333,ATM Machine,Windows,174.175.252.149,"Port Michele, Finland"
334,334,Laptop,Android,179.37.181.70,"Salinasberg, France"
335,335,ATM Machine,Linux,186.8.29.174,"Brennanport, Macedonia"
336,336,POS Terminal,Linux,63.160.82.174,"Katherineshire, Jamaica"
337,337,Mobile,Android,115.158.166.185,"Hallport, Korea"
338,338,Laptop,Linux,148.136.125.18,"West James, Turkey"
339,339,Laptop,Linux,216.250.16.7,"Cynthiatown, Bahamas"
340,340,Laptop,Android,33.248.54.88,"Carolfort, Romania"
341,341,Mobile,iOS,86.121.9.94,"West David, Mayotte"
342,342,Mobile,Windows,181.99.29.141,"Lake Richard, Dominican Republic"
343,343,Laptop,Windows,11.134.101.130,"Martineztown, Myanmar"
344,344,Laptop,Android,131.127.235.168,"North Mitchellport, Lesotho"
345,345,Laptop,Android,164.238.6.241,"Everettton, Cyprus"
346,346,Mobile,Windows,172.91.158.225,"Brucetown, Dominican Republic"
347,347,Laptop,Linux,89.84.36.167,"Shepardport, Haiti"
348,348,ATM Machine,Android,112.152.87.86,"South Louisbury, Northern Mariana Islands"
349,349,POS Terminal,Android,110.80.206.58,"Grayfurt, Finland"
350,350,Laptop,Windows,56.24.122.65,"Williamhaven, Ukraine"
351,351,Mobile,Linux,135.181.163.242,"Williamburgh, Suriname"
352,352,ATM Machine,Android,21.151.69.110,"South Sara, Burundi"
353,353,ATM Machine,iOS,46.162.238.188,"Henryberg, Israel"
354,354,ATM Machine,iOS,133.13.136.232,"South Gerald, British Indian Ocean Territory (Chagos Archipelago)"
355,355,Laptop,Linux,56.0.81.245,"Kaneview, Spain"
356,356,Mobile,Linux,30.31.182.67,"Randyshire, United Kingdom"
357,357,Mobile,Windows,200.209.95.57,"South Kara, Gambia"
358,358,Mobile,Windows,40.110.200.154,"New Nancyfurt, Holy See (Vatican City State)"
359,359,ATM Machine,Linux,105.164.162.255,"East Amanda, United Arab Emirates"
360,360,Laptop,Android,222.216.207.93,"West Tamara, Ghana"
361,361,POS Terminal,Linux,11.3.65.176,"West Rebecca, Belgium"
362,362,Mobile,Android,95.248.160.165,"Aliceton, Uganda"
363,363,Mobile,Android,39.76.179.100,"South Victoriafort, Guatemala"
364,364,Mobile,iOS,73.88.16.35,"South Charles, Latvia"
365,365,Mobile,iOS,179.92.225.180,"East Danaview, Macedonia"
366,366,Mobile,Android,134.150.185.184,"Lake Thomashaven, Malaysia"
367,367,POS Terminal,Linux,135.19.239.210,"South Paulville, Jordan"
368,368,Laptop,iOS,196.67.225.249,"North Christine, Namibia"
369,369,Laptop,Windows,4.52.192.173,"North Kevinfort, Congo"
370,370,ATM Machine,Linux,67.192.26.189,"Shaunton, Nigeria"
371,371,ATM Machine,Linux,212.133.76.81,"East Robertport, Malta"
372,372,ATM Machine,Android,185.225.36.56,"Higginsville, Nauru"
373,373,Mobile,iOS,38.26.211.206,"Jamesport, Tuvalu"
374,374,Laptop,Linux,129.89.55.125,"Cathyton, Djibouti"
375,375,Laptop,iOS,200.73.106.86,"Lake Meghan, Norway"
376,376,Laptop,Linux,55.232.54.33,"Dennisville, Saint Vincent and the Grenadines"
377,377,POS Terminal,Windows,24.132.64.148,"Lake Ronald, Seychelles"
378,378,Laptop,iOS,7.237.150.6,"Kevinville, Samoa"
379,379,Mobile,iOS,189.230.175.183,"East Stephanieshire, Montserrat"
380,380,Laptop,iOS,223.153.42.237,"Port Lindafort, Cook Islands"
381,381,POS Terminal,iOS,78.38.36.88,"Floresburgh, Liberia"
382,382,POS Terminal,iOS,154.80.53.44,"Lake Lisa, Poland"
383,383,Laptop,Android,144.152.206.131,"Lake Michaelfort, Dominica"
384,384,POS Terminal,Windows,203.199.142.8,"Wattsland, India"
385,385,ATM Machine,Android,61.155.24.73,"Mitchelltown, Bhutan"
386,386,POS Terminal,Linux,151.209.27.58,"Sandraport, Brunei Darussalam"
387,387,Laptop,Windows,204.124.210.62,"Port Laurie, Cambodia"
388,388,ATM Machine,Windows,188.188.17.193,"Lake Hannah, Gibraltar"
389,389,ATM Machine,Windows,171.168.95.10,"Stantonport, Austria"
390,390,ATM Machine,Android,12.142.200.7,"North Michael, Saint Lucia"
391,391,ATM Machine,Linux,62.133.139.148,"Lake Douglasport, Saudi Arabia"
392,392,Laptop,Android,89.28.22.91,"South Laurenton, Syrian Arab Republic"
393,393,Laptop,Windows,68.22.5.206,"Port Anthonyfurt, El Salvador"
394,394,POS Terminal,iOS,79.100.233.8,"Scottstad, El Salvador"
395,395,Mobile,iOS,111.191.29.104,"Floresport, Montenegro"
396,396,Mobile,iOS,44.113.142.231,"South Steven, Bangladesh"
397,397,POS Terminal,Linux,165.97.230.225,"Turnertown, Iceland"
398,398,ATM Machine,Windows,200.91.67.207,"East Davidmouth, Latvia"
399,399,ATM Machine,Windows,54.125.88.68,"South Jamesburgh, Tanzania"
400,400,Mobile,Android,108.129.184.108,"Brianburgh, Mayotte"
401,401,POS Terminal,Windows,165.112.201.118,"East Jacqueline, Saint Barthelemy"
402,402,POS Terminal,Windows,7.123.81.216,"East John, Western Sahara"
403,403,ATM Machine,Windows,111.112.42.111,"East Tony, Ethiopia"
404,404,POS Terminal,Android,57.120.97.18,"Lake James, Gibraltar"
405,405,Mobile,iOS,60.231.7.6,"Leeland, Belgium"
406,406,Mobile,Linux,196.49.243.182,"Abbottchester, Saint Pierre and Miquelon"
407,407,POS Terminal,Windows,109.47.57.59,"Leton, Lao People's Democratic Republic"
408,408,Laptop,iOS,9.181.52.19,"South Stephen, Singapore"
409,409,Mobile,Android,82.132.108.209,"Lake Derrickfort, Madagascar"
410,410,POS Terminal,iOS,23.0.255.8,"Jenniferport, Nicaragua"
411,411,Laptop,Windows,135.85.93.52,"Port James, Jamaica"
412,412,Mobile,iOS,194.149.141.174,"Evanstown, Lebanon"
413,413,Laptop,Android,197.101.118.44,"West Adamton, Norfolk Island"
414,414,Mobile,Android,59.112.10.146,"Jimenezberg, Guernsey"
415,415,ATM Machine,iOS,180.129.29.249,"Cookport, Zimbabwe"
416,416,POS Terminal,Linux,155.60.170.235,"North Belinda, Hong Kong"
417,417,Laptop,Windows,169.102.246.144,"West Amber, Bulgaria"
418,418,Laptop,Windows,42.174.60.128,"Christophermouth, Algeria"
419,419,Mobile,iOS,11.141.253.255,"West Deborah, Slovenia"
420,420,POS Terminal,Android,205.14.241.132,"Wallaceview, Gambia"
421,421,POS Terminal,Windows,129.205.63.248,"Tyronechester, Tokelau"
422,422,Laptop,iOS,156.116.150.74,"Port Jenniferside, El Salvador"
423,423,ATM Machine,iOS,20.110.189.236,"South Vincent, Sweden"
424,424,Mobile,Linux,33.223.217.36,"Thomasside, American Samoa"
425,425,ATM Machine,Windows,13.233.156.227,"Johnsonton, Philippines"
426,426,Mobile,iOS,35.69.196.60,"Lake Kathryn, Morocco"
427,427,Laptop,Windows,58.80.154.13,"Taylortown, Saint Barthelemy"
428,428,ATM Machine,iOS,61.36.13.109,"Kyleside, Guatemala"
429,429,Mobile,Linux,68.240.123.179,"North Kristyton, Jordan"
430,430,ATM Machine,Android,207.44.162.25,"Sosamouth, Syrian Arab Republic"
431,431,Mobile,Linux,3.16.32.46,"Patriciachester, Equatorial Guinea"
432,432,POS Terminal,Windows,32.47.104.21,"Port Jamesfort, Vanuatu"
433,433,Mobile,Windows,165.91.139.110,"Sarahmouth, Qatar"
434,434,ATM Machine,Linux,166.49.205.147,"Malikland, Cuba"
435,435,ATM Machine,iOS,85.198.254.186,"Dianamouth, Barbados"
436,436,ATM Machine,Windows,104.32.23.1,"Lake Michaeltown, Kazakhstan"
437,437,POS Terminal,Linux,84.116.153.3,"Port Thomas, Slovakia (Slovak Republic)"
438,438,POS Terminal,iOS,92.185.169.115,"Loristad, Saint Barthelemy"
439,439,Mobile,Android,192.85.25.4,"Jacksonchester, United Kingdom"
440,440,POS Terminal,Android,7.79.90.179,"South Meganburgh, Eritrea"
441,441,Mobile,Linux,198.47.194.129,"Bennettland, Lesotho"
442,442,POS Terminal,Windows,27.165.76.192,"North Michele, New Zealand"
443,443,Laptop,iOS,89.185.24.252,"New Andrea, Bulgaria"
444,444,Laptop,Linux,200.145.250.27,"South Allison, Burkina Faso"
445,445,POS Terminal,Windows,134.147.79.236,"South Cody, Palau"
446,446,ATM Machine,iOS,49.171.53.246,"Sandovalfurt, Tanzania"
447,447,Laptop,Android,30.58.148.191,"Lake Codyview, Australia"
448,448,Laptop,Windows,216.204.128.116,"Port Cynthia, Svalbard & Jan Mayen Islands"
449,449,Mobile,Windows,45.36.251.188,"West Amanda, Heard Island and McDonald Islands"
450,450,ATM Machine,Linux,181.108.248.252,"Justinview, Northern Mariana Islands"
451,451,Laptop,iOS,203.226.204.149,"Andrewburgh, Belgium"
452,452,Laptop,Windows,96.183.113.150,"Micheleshire, Mauritius"
453,453,ATM Machine,iOS,142.14.239.171,"Port Robertshire, Antigua and Barbuda"
454,454,POS Terminal,Windows,26.233.215.64,"Barbaramouth, Malaysia"
455,455,POS Terminal,Linux,217.185.240.113,"Patrickberg, Peru"
456,456,Mobile,Windows,168.90.1.145,"Jimenezfurt, Hong Kong"
457,457,POS Terminal,Windows,91.98.163.59,"Kennethhaven, Azerbaijan"
458,458,POS Terminal,Android,166.53.240.125,"Miketon, Guinea"
459,459,Laptop,Linux,190.1.245.249,"North Johntown, Falkland Islands (Malvinas)"
460,460,Laptop,Windows,73.207.231.182,"North Emilychester, Belarus"
461,461,Mobile,Windows,50.250.191.177,"Jillburgh, Peru"
462,462,ATM Machine,Android,104.95.68.36,"New Danaside, Peru"
463,463,POS Terminal,iOS,6.2.15.189,"North Aaron, Slovakia (Slovak Republic)"
464,464,ATM Machine,Linux,116.229.19.209,"Karenstad, Guyana"
465,465,POS Terminal,Linux,93.83.107.224,"South Elizabethchester, Central African Republic"
466,466,ATM Machine,Linux,178.93.188.178,"North Joshua, United Kingdom"
467,467,POS Terminal,Android,56.237.29.207,"Josephhaven, Nigeria"
468,468,Laptop,Linux,187.200.229.11,"Woodborough, Oman"
469,469,POS Terminal,Windows,189.132.99.37,"Karenville, Moldova"
470,470,Laptop,Android,182.255.197.239,"New Samuelstad, Reunion"
471,471,ATM Machine,Linux,11.179.6.169,"Owenhaven, Niger"
472,472,Laptop,iOS,132.33.215.153,"West Alexandriaburgh, Saint Martin"
473,473,Laptop,iOS,179.170.173.158,"Whitechester, Barbados"
474,474,Laptop,Android,101.216.47.60,"Andrewside, Ireland"
475,475,Laptop,Android,60.107.115.240,"New Ricardo, Guinea"
476,476,Laptop,Windows,158.31.49.240,"Port Johnview, French Guiana"
477,477,POS Terminal,Windows,154.89.98.231,"New Richardmouth, French Southern Territories"
478,478,Laptop,iOS,121.111.249.37,"Hamiltonborough, Puerto Rico"
479,479,Laptop,Android,35.25.43.14,"Kennedymouth, Iran"
480,480,POS Terminal,Linux,40.40.223.124,"Michaeltown, Nepal"
481,481,Laptop,Android,125.70.214.38,"Ashleybury, Jordan"
482,482,Mobile,iOS,118.8.217.120,"Mathewschester, Guinea"
483,483,Mobile,Windows,6.28.183.10,"South Christineton, Puerto Rico"
484,484,ATM Machine,iOS,70.56.183.239,"Port Kathrynview, Bahrain"
485,485,ATM Machine,Linux,78.226.92.143,"West Sue, Palestinian Territory"
486,486,Laptop,Windows,216.47.184.25,"West Patriciaside, Tuvalu"
487,487,Laptop,Windows,191.168.99.21,"Christyshire, Uzbekistan"
488,488,POS Terminal,Windows,149.24.51.11,"West Tommychester, Isle of Man"
489,489,ATM Machine,Linux,114.246.41.94,"West Cory, Australia"
490,490,ATM Machine,Android,125.151.161.228,"Davidfurt, Vietnam"
491,491,ATM Machine,Android,179.220.207.242,"Lake Joshuaport, Bahamas"
492,492,Mobile,iOS,24.183.64.179,"Williamsburgh, Comoros"
493,493,Mobile,Linux,90.55.87.43,"Sandovalborough, Monaco"
494,494,Laptop,iOS,78.207.156.57,"West John, Reunion"
495,495,Laptop,Windows,51.108.45.201,"South Jamesview, Venezuela"
496,496,Mobile,iOS,98.181.179.102,"Port Albertbury, Swaziland"
497,497,Mobile,iOS,91.157.215.129,"Barnettfurt, Puerto Rico"
498,498,POS Terminal,Windows,165.141.37.224,"Longmouth, Comoros"
499,499,Laptop,Android,9.134.3.214,"North Brian, Argentina"
500,500,POS Terminal,Windows,41.64.60.133,"Lake James, Tokelau"
501,501,POS Terminal,iOS,222.249.254.174,"New Andrewhaven, Andorra"
502,502,ATM Machine,Android,140.49.194.21,"Woodmouth, Malaysia"
503,503,ATM Machine,iOS,58.172.19.135,"Barnesmouth, Azerbaijan"
504,504,Mobile,iOS,215.241.82.171,"Smithshire, New Zealand"
505,505,Mobile,iOS,15.27.227.241,"Judyhaven, Myanmar"
506,506,Laptop,Linux,211.108.210.153,"Louiston, Saint Pierre and Miquelon"
507,507,Laptop,Windows,41.99.237.78,"West Timothy, Antigua and Barbuda"
508,508,Laptop,Windows,112.149.230.87,"Morganland, Montserrat"
509,509,ATM Machine,Linux,149.89.132.123,"Kathrynburgh, Panama"
510,510,POS Terminal,Android,104.25.204.57,"Ericafort, Micronesia"
511,511,Mobile,Linux,36.204.167.226,"Carlsonport, San Marino"
512,512,Laptop,Android,214.109.147.214,"East Mary, Cuba"
513,513,Mobile,iOS,154.142.19.154,"Andersenville, Mauritania"
514,514,Mobile,Windows,68.52.210.125,"West Christopher, Philippines"
515,515,Laptop,iOS,160.198.252.102,"Harrisonbury, Nepal"
516,516,Laptop,Linux,26.219.241.175,"Lake Alexisborough, Gabon"
517,517,Laptop,iOS,214.149.215.176,"Heatherhaven, Sweden"
518,518,POS Terminal,Linux,27.21.251.4,"Hendersonchester, Zimbabwe"
519,519,Laptop,Windows,64.19.95.14,"Patelbury, Madagascar"
520,520,POS Terminal,Windows,22.255.166.227,"Brandonland, Seychelles"
521,521,ATM Machine,Linux,147.2.209.180,"West Brandonberg, Sri Lanka"
522,522,Mobile,Linux,181.64.131.178,"Kimberlytown, South Georgia and the South Sandwich Islands"
523,523,Laptop,Android,50.80.101.219,"Davidfurt, Svalbard & Jan Mayen Islands"
524,524,ATM Machine,Windows,112.235.62.108,"Wilsonfurt, French Southern Territories"
525,525,Laptop,iOS,85.248.217.35,"Kimberlyton, Saint Kitts and Nevis"
526,526,POS Terminal,Linux,3.170.132.108,"Davisside, Costa Rica"
527,527,POS Terminal,Android,25.147.204.60,"Buckbury, Central African Republic"
528,528,POS Terminal,Windows,188.158.125.197,"Lake Cindytown, Kiribati"
529,529,ATM Machine,Linux,66.39.243.87,"Lake Loriville, Tanzania"
530,530,ATM Machine,Windows,183.67.179.213,"West Davidfurt, Seychelles"
531,531,POS Terminal,Android,218.92.187.62,"East Heather, Cameroon"
532,532,ATM Machine,Windows,1.156.199.96,"Aliciaview, Isle of Man"
533,533,POS Terminal,Android,135.222.237.39,"Torresfurt, Papua New Guinea"
534,534,ATM Machine,iOS,117.17.15.112,"Jessicaborough, Madagascar"
535,535,Laptop,Windows,11.137.45.90,"West Regina, Maldives"
536,536,Laptop,Android,150.141.47.101,"North Raymondstad, San Marino"
537,537,ATM Machine,iOS,64.146.118.91,"Andersonburgh, Spain"
538,538,POS Terminal,iOS,72.239.247.210,"Beverlyhaven, Vietnam"
539,539,Mobile,Android,43.142.196.166,"Orrfurt, Saudi Arabia"
540,540,POS Terminal,Linux,24.163.133.155,"Port Michael, Puerto Rico"
541,541,Mobile,iOS,116.66.108.58,"New Melissa, French Guiana"
542,542,POS Terminal,Windows,126.130.143.153,"South Jessica, Saint Pierre and Miquelon"
543,543,ATM Machine,iOS,2.242.218.218,"Gonzalezberg, Pakistan"
544,544,Mobile,Windows,185.193.135.117,"Wolfshire, Hungary"
545,545,POS Terminal,Android,52.13.32.238,"East Micheleland, Reunion"
546,546,Mobile,Android,173.128.153.41,"North Janetburgh, Mongolia"
547,547,Laptop,iOS,111.150.47.248,"Lake Jill, Philippines"
548,548,POS Terminal,Windows,164.177.232.22,"Colliermouth, Iraq"
549,549,POS Terminal,iOS,187.54.86.35,"South Andreamouth, Slovakia (Slovak Republic)"
550,550,POS Terminal,iOS,101.203.243.208,"Christinachester, Turkmenistan"
551,551,Laptop,Linux,142.160.187.29,"Howardland, Saudi Arabia"
552,552,ATM Machine,Linux,149.24.109.66,"North Lukeborough, Greenland"
553,553,ATM Machine,Windows,176.42.62.14,"East Rodneyborough, Ethiopia"
554,554,POS Terminal,Android,105.120.52.188,"East Jonathan, Nepal"
555,555,POS Terminal,Linux,211.133.86.227,"Gonzaleschester, Saint Vincent and the Grenadines"
556,556,POS Terminal,iOS,111.214.186.84,"Hallfort, Bahrain"
557,557,Laptop,Android,175.82.137.144,"Georgestad, Niger"
558,558,ATM Machine,iOS,2.102.142.183,"Williamshaven, Albania"
559,559,Mobile,Windows,57.166.33.136,"Lake Roberto, Pakistan"
560,560,Mobile,Linux,102.82.177.12,"West Melissaburgh, Switzerland"
561,561,ATM Machine,Linux,37.104.21.171,"East Sarah, Timor-Leste"
562,562,Mobile,Android,103.184.231.201,"Johnsonport, Central African Republic"
563,563,ATM Machine,iOS,55.65.131.14,"Courtneyton, Lithuania"
564,564,ATM Machine,Linux,122.194.142.68,"West Jordanburgh, Uganda"
565,565,ATM Machine,iOS,44.216.137.24,"Smithbury, Venezuela"
566,566,Mobile,Linux,39.153.85.234,"Jacksonstad, Kazakhstan"
567,567,ATM Machine,iOS,156.221.50.102,"Andersonfurt, Montserrat"
568,568,Laptop,Linux,88.97.204.53,"Lake Melissa, Somalia"
569,569,ATM Machine,Android,139.79.240.215,"Nataliechester, Papua New Guinea"
570,570,Mobile,Windows,80.14.79.19,"West Jordan, South Georgia and the South Sandwich Islands"
571,571,ATM Machine,Windows,32.122.47.213,"Clarkborough, Uganda"
572,572,ATM Machine,Linux,25.179.9.21,"Gregoryville, Sao Tome and Principe"
573,573,POS Terminal,Linux,164.247.93.104,"Lake Zachary, Panama"
574,574,ATM Machine,iOS,113.235.246.153,"New Josephchester, Bulgaria"
575,575,ATM Machine,Windows,14.1.147.15,"South Ricky, Grenada"
576,576,Mobile,Windows,148.185.96.72,"Port Brittany, Brunei Darussalam"
577,577,Mobile,Windows,190.137.219.85,"New Joyce, Burkina Faso"
578,578,ATM Machine,Windows,203.5.157.221,"East Victoriamouth, Samoa"
579,579,POS Terminal,Linux,168.241.154.85,"West Terrimouth, New Zealand"
580,580,Laptop,iOS,57.255.85.209,"New Thomas, Somalia"
581,581,Mobile,Linux,221.47.131.80,"Lake Patrickside, Gambia"
582,582,ATM Machine,Linux,61.233.4.44,"Adamview, Samoa"
583,583,ATM Machine,Android,49.13.3.40,"Brandibury, Congo"
584,584,POS Terminal,iOS,182.230.181.240,"West Jamesmouth, Benin"
585,585,Mobile,Linux,49.33.11.212,"East Tracy, Gambia"
586,586,Laptop,iOS,97.74.16.247,"Lake Stephanie, Nigeria"
587,587,ATM Machine,Linux,106.218.159.91,"Hudsonville, Netherlands"
588,588,Mobile,Windows,139.104.20.198,"Bauerborough, Norfolk Island"
589,589,Mobile,iOS,95.33.246.166,"Kelseyshire, Saint Barthelemy"
590,590,ATM Machine,iOS,123.15.83.180,"Josefort, France"
591,591,POS Terminal,Windows,221.244.19.233,"Tammymouth, Kuwait"
592,592,ATM Machine,Android,2.152.167.150,"Simmonsfurt, Swaziland"
593,593,POS Terminal,Linux,145.29.31.190,"East Ryan, Cayman Islands"
594,594,POS Terminal,Linux,185.102.7.195,"East Susanside, Montenegro"
595,595,Laptop,iOS,213.209.18.192,"Josephstad, Uganda"
596,596,Mobile,Linux,61.95.85.37,"North Rachelland, United States Minor Outlying Islands"
597,597,POS Terminal,Linux,134.118.35.169,"Patriciashire, Panama"
598,598,Mobile,Android,75.26.62.228,"West Adamland, Montserrat"
599,599,Mobile,Linux,72.252.163.53,"East Breannaborough, Syrian Arab Republic"
600,600,Laptop,Windows,6.58.212.206,"Littleshire, Malta"
601,601,Mobile,Linux,49.18.156.109,"Dylanburgh, Nepal"
602,602,Mobile,Windows,196.22.249.126,"Lake Courtneyside, Mongolia"
603,603,ATM Machine,iOS,133.244.74.35,"Marshallfurt, Comoros"
604,604,Mobile,Linux,119.32.66.40,"West Matthewmouth, Tokelau"
605,605,POS Terminal,Windows,106.165.227.60,"East Alexandrialand, Brunei Darussalam"
606,606,POS Terminal,iOS,23.154.224.167,"South Ryanside, Heard Island and McDonald Islands"
607,607,POS Terminal,Linux,135.226.7.26,"East Rubenmouth, Saint Helena"
608,608,Laptop,iOS,155.25.130.163,"East Kristopher, Greece"
609,609,ATM Machine,iOS,193.43.139.101,"East Ryanport, Mongolia"
610,610,ATM Machine,Windows,49.113.163.92,"West Johnmouth, Kuwait"
611,611,Laptop,Android,198.61.75.95,"Brianashire, Bolivia"
612,612,Mobile,Windows,16.65.82.97,"Alexandershire, Myanmar"
613,613,ATM Machine,iOS,63.47.70.149,"Phillipmouth, Vanuatu"
614,614,Laptop,iOS,223.232.58.83,"East Jessica, Senegal"
615,615,POS Terminal,iOS,68.48.176.172,"Catherineshire, Turkey"
616,616,Mobile,Windows,45.85.1.239,"Shellystad, Uzbekistan"
617,617,ATM Machine,Windows,138.22.153.206,"Wilcoxside, Austria"
618,618,Laptop,Android,165.250.238.222,"Williamsburgh, Israel"
619,619,Laptop,Windows,133.218.191.187,"North Bettymouth, South Georgia and the South Sandwich Islands"
620,620,ATM Machine,Windows,164.146.88.84,"Port Heatherbury, Yemen"
621,621,Laptop,Linux,22.231.126.237,"East Ashlee, Anguilla"
622,622,POS Terminal,iOS,94.26.61.176,"New James, Austria"
623,623,ATM Machine,Linux,71.46.178.110,"Stricklandshire, Greece"
624,624,POS Terminal,Linux,115.226.250.46,"South Rachel, Russian Federation"
625,625,Mobile,Windows,203.99.157.154,"West Angela, Tuvalu"
626,626,Mobile,Linux,72.42.70.17,"North Tylerborough, Greenland"
627,627,Mobile,Windows,125.182.203.90,"West Stephanie, Vanuatu"
628,628,POS Terminal,Android,89.206.175.152,"Sarahmouth, Pakistan"
629,629,Laptop,iOS,62.38.223.166,"West Randyview, Argentina"
630,630,ATM Machine,Android,209.41.231.121,"New Rebeccaport, Madagascar"
631,631,Mobile,Windows,45.88.227.169,"Kellyfort, Kazakhstan"
632,632,Mobile,Windows,113.80.78.215,"Brenthaven, Wallis and Futuna"
633,633,ATM Machine,iOS,181.233.34.80,"North Jose, Lao People's Democratic Republic"
634,634,POS Terminal,Windows,50.201.232.115,"New Williamside, Chile"
635,635,ATM Machine,iOS,51.11.200.201,"Daltonshire, Cuba"
636,636,Mobile,Linux,153.135.181.20,"New Davidbury, Saint Vincent and the Grenadines"
637,637,Mobile,Windows,24.41.253.64,"South Sarahland, Saudi Arabia"
638,638,POS Terminal,Linux,59.145.35.101,"Javierville, Russian Federation"
639,639,POS Terminal,Windows,93.80.67.88,"Greenfort, Bermuda"
640,640,Mobile,Linux,177.252.31.145,"West Abigailhaven, Mexico"
641,641,Laptop,Linux,150.113.165.172,"Rogersville, Burkina Faso"
642,642,ATM Machine,Linux,169.226.65.206,"New Brianmouth, Portugal"
643,643,Laptop,iOS,115.204.117.237,"New Jamie, Cayman Islands"
644,644,ATM Machine,iOS,68.233.85.99,"Lake Robert, Maldives"
645,645,ATM Machine,Windows,205.167.68.149,"Lake Alberthaven, United States of America"
646,646,Mobile,Linux,12.218.225.252,"Lindsayburgh, Belarus"
647,647,Laptop,Linux,128.118.66.63,"Pittsberg, Turkey"
648,648,Laptop,Windows,39.12.183.14,"New Paulshire, Bhutan"
649,649,Laptop,iOS,159.238.213.177,"Whitehaven, Samoa"
650,650,Mobile,Windows,220.146.186.90,"East Heather, Ethiopia"
651,651,Laptop,Linux,27.79.250.50,"South Jacob, Cook Islands"
652,652,Laptop,Android,87.58.201.143,"South Angelaview, Sao Tome and Principe"
653,653,POS Terminal,Windows,119.186.117.83,"West Dawnside, Samoa"
654,654,ATM Machine,Windows,141.71.28.73,"Danielleside, Greece"
655,655,POS Terminal,iOS,209.13.119.204,"Kevinview, Uganda"
656,656,ATM Machine,iOS,191.96.56.223,"Lake Ashleebury, American Samoa"
657,657,Laptop,Linux,21.101.30.33,"West Phillipmouth, Anguilla"
658,658,Laptop,Windows,68.232.171.178,"Brendaville, Iraq"
659,659,Mobile,Windows,43.10.168.20,"North Dylan, Qatar"
660,660,Mobile,Windows,60.119.111.53,"Lopezshire, Sao Tome and Principe"
661,661,POS Terminal,Linux,217.82.63.188,"Port Mary, Ireland"
662,662,Laptop,Windows,217.32.106.145,"North Kimberly, Georgia"
663,663,ATM Machine,iOS,100.181.245.42,"Richardshire, Guatemala"
664,664,Mobile,Linux,89.118.44.239,"Abbottberg, Angola"
665,665,Mobile,Android,119.206.78.204,"Port Robinmouth, Eritrea"
666,666,Laptop,Android,171.180.82.179,"East Cindyberg, Ireland"
667,667,Laptop,Android,100.209.136.134,"Irwinberg, Czech Republic"
668,668,ATM Machine,Android,80.225.101.76,"Websterstad, Greece"
669,669,Laptop,Windows,102.5.18.222,"East Staceyville, France"
670,670,POS Terminal,Windows,103.231.234.207,"West Stephaniemouth, Korea"
671,671,ATM Machine,Linux,173.77.170.142,"Kennedybury, Zimbabwe"
672,672,POS Terminal,Linux,60.92.167.10,"New Jasminefurt, Guadeloupe"
673,673,ATM Machine,Android,126.232.244.138,"Buckchester, Israel"
674,674,POS Terminal,iOS,99.225.29.43,"New Robinbury, Venezuela"
675,675,Laptop,Linux,24.209.242.208,"Angelaview, Saint Barthelemy"
676,676,Laptop,Linux,109.8.209.49,"Kimmouth, Sierra Leone"
677,677,Mobile,iOS,173.222.28.192,"South Jasminemouth, Maldives"
678,678,ATM Machine,Windows,222.32.90.104,"Landryview, Guinea"
679,679,Laptop,Linux,79.236.235.191,"Gregoryside, Honduras"
680,680,Mobile,Android,182.254.10.109,"Robertsport, Latvia"
681,681,ATM Machine,Linux,141.233.47.57,"Andrewton, Mexico"
682,682,Laptop,Windows,15.231.53.117,"Elizabethshire, China"
683,683,POS Terminal,iOS,60.50.49.238,"Burtonshire, Ukraine"
684,684,Mobile,Linux,123.84.113.108,"North Patrick, Samoa"
685,685,Laptop,Linux,93.81.250.124,"Port Matthew, Guinea-Bissau"
686,686,ATM Machine,Android,151.85.167.205,"Alexisberg, Trinidad and Tobago"
687,687,Laptop,iOS,45.230.117.32,"Daniellefurt, Paraguay"
688,688,Laptop,Windows,155.115.205.35,"East Carlburgh, Tanzania"
689,689,ATM Machine,Linux,73.146.86.49,"Timothyville, Tunisia"
690,690,Mobile,iOS,74.189.210.242,"West Julie, Sudan"
691,691,ATM Machine,Windows,203.142.25.51,"North Julie, Indonesia"
692,692,Laptop,iOS,198.13.236.106,"New Shaneport, Syrian Arab Republic"
693,693,ATM Machine,Windows,100.41.20.103,"Lake Tarabury, Mauritania"
694,694,ATM Machine,Android,195.55.127.63,"New Lauren, Tonga"
695,695,Mobile,Windows,158.71.176.155,"Thomasside, Uganda"
696,696,POS Terminal,Windows,138.174.204.220,"Emilyland, Benin"
697,697,Laptop,Windows,168.9.215.182,"South Ericland, Canada"
698,698,ATM Machine,Linux,9.96.117.31,"New Tamara, Tajikistan"
699,699,Mobile,Android,179.26.36.146,"New Peter, Norfolk Island"
700,700,Mobile,Android,46.93.30.122,"Russellborough, Belgium"
701,701,Mobile,Windows,9.246.160.99,"Robinsonton, Thailand"
702,702,POS Terminal,Linux,174.242.42.3,"Marquezfurt, Belarus"
703,703,Laptop,Linux,48.221.66.58,"West Shawnshire, Christmas Island"
704,704,Mobile,Linux,100.131.49.2,"East Jill, Fiji"
705,705,Laptop,Android,10.36.80.233,"Contrerasstad, Palestinian Territory"
706,706,POS Terminal,Windows,24.103.252.80,"Jenniferbury, Swaziland"
707,707,Laptop,Windows,40.55.112.157,"Josephhaven, Niger"
708,708,ATM Machine,iOS,37.73.129.204,"Smithtown, Saint Vincent and the Grenadines"
709,709,Mobile,Linux,37.194.236.245,"Michelleville, Solomon Islands"
710,710,POS Terminal,iOS,199.87.47.78,"Laurenmouth, Indonesia"
711,711,Laptop,Windows,151.109.165.171,"West Brenda, Burkina Faso"
712,712,Mobile,iOS,109.126.232.204,"Susanmouth, Spain"
713,713,POS Terminal,Windows,50.210.169.196,"Floresstad, Greenland"
714,714,Laptop,iOS,69.148.15.86,"Port Cathy, United Kingdom"
715,715,POS Terminal,Linux,86.176.55.64,"West Phillip, Northern Mariana Islands"
716,716,POS Terminal,iOS,26.58.216.75,"Collinton, Hong Kong"
717,717,Mobile,Android,27.195.101.232,"West Melanie, Saint Lucia"
718,718,Mobile,Windows,96.202.200.112,"Shannonview, Indonesia"
719,719,Mobile,iOS,221.125.177.105,"New Amyside, Cocos (Keeling) Islands"
720,720,Laptop,Android,186.123.217.39,"West Robertbury, Saint Helena"
721,721,Laptop,Linux,175.190.90.173,"Rittermouth, Western Sahara"
722,722,Laptop,Windows,174.249.68.116,"Maynardland, Nauru"
723,723,Laptop,Linux,1.14.160.226,"Chaseport, Mozambique"
724,724,Mobile,Linux,100.154.218.54,"Sarahaven, British Indian Ocean Territory (Chagos Archipelago)"
725,725,ATM Machine,Windows,111.243.117.95,"Christyville, Sudan"
726,726,POS Terminal,Linux,138.118.156.90,"Bakershire, United States Minor Outlying Islands"
727,727,Laptop,Windows,32.77.154.196,"North Cynthia, El Salvador"
728,728,ATM Machine,iOS,176.33.228.67,"North Veronicaside, Germany"
729,729,ATM Machine,Linux,43.251.210.53,"Kimberlytown, Poland"
730,730,Mobile,Windows,212.186.79.216,"Michaelmouth, Saint Martin"
731,731,Laptop,iOS,203.92.241.0,"Parkerberg, Libyan Arab Jamahiriya"
732,732,Laptop,iOS,107.45.38.166,"West Jean, Moldova"
733,733,POS Terminal,Windows,114.223.203.104,"Jonesmouth, Somalia"
734,734,Laptop,iOS,168.124.84.35,"Lake Maria, Denmark"
735,735,Laptop,Windows,41.217.252.138,"North Jessica, Nicaragua"
736,736,POS Terminal,Android,50.84.179.106,"Lake Andreafort, Chad"
737,737,Laptop,Windows,55.36.221.52,"Williamshaven, Montenegro"
738,738,Mobile,Linux,123.25.133.128,"Stevenside, Grenada"
739,739,POS Terminal,Windows,113.59.59.178,"Annettetown, Portugal"
740,740,POS Terminal,Android,115.132.199.224,"Port Michelle, Nigeria"
741,741,Mobile,Windows,147.188.59.25,"North Tammystad, Cocos (Keeling) Islands"
742,742,Laptop,Linux,59.150.164.95,"New Johnny, Sri Lanka"
743,743,ATM Machine,iOS,78.120.211.151,"North Brianna, Slovakia (Slovak Republic)"
744,744,ATM Machine,Linux,218.213.84.4,"New Vincent, Bahrain"
745,745,POS Terminal,iOS,38.224.150.0,"South Karen, Senegal"
746,746,POS Terminal,Windows,205.146.83.138,"West Ashleyside, Martinique"
747,747,Laptop,Android,179.65.47.255,"Fischershire, Afghanistan"
748,748,Mobile,iOS,155.99.53.13,"West Maria, United Arab Emirates"
749,749,Laptop,iOS,210.104.45.81,"Jamesberg, Liberia"
750,750,POS Terminal,Android,63.221.126.171,"Robertfort, Kyrgyz Republic"
751,751,ATM Machine,Linux,161.83.184.195,"Williamsonburgh, Ethiopia"
752,752,Laptop,Linux,130.79.196.246,"South David, Serbia"
753,753,Laptop,Windows,69.25.218.54,"Veronicaborough, Kenya"
754,754,POS Terminal,Android,103.236.45.175,"Torresview, Thailand"
755,755,ATM Machine,iOS,10.74.121.186,"Phillipside, Bouvet Island (Bouvetoya)"
756,756,Laptop,Linux,23.150.5.94,"Richardsborough, Papua New Guinea"
757,757,ATM Machine,Windows,223.200.242.113,"Lake John, Madagascar"
758,758,ATM Machine,Linux,115.136.38.92,"Monicashire, Jamaica"
759,759,Mobile,Linux,22.64.89.88,"Ramseymouth, Guernsey"
760,760,ATM Machine,Android,81.180.153.128,"East Bethstad, Gambia"
761,761,POS Terminal,iOS,165.155.165.99,"Port Adriana, British Indian Ocean Territory (Chagos Archipelago)"
762,762,ATM Machine,Windows,108.247.162.166,"South Carolyn, Cape Verde"
763,763,POS Terminal,iOS,136.84.116.62,"Seanberg, Mexico"
764,764,Laptop,iOS,94.244.62.151,"Lake Markview, Armenia"
765,765,Mobile,Linux,182.55.70.32,"West Ericton, Latvia"
766,766,POS Terminal,iOS,106.247.170.205,"Lake Christina, Sierra Leone"
767,767,Laptop,Linux,137.186.11.133,"West Sheila, Thailand"
768,768,Mobile,Windows,94.154.209.49,"Lake Amy, Saint Barthelemy"
769,769,Laptop,Windows,97.236.195.232,"South Lisa, Algeria"
770,770,POS Terminal,Android,132.203.73.98,"Lukeland, Hungary"
771,771,POS Terminal,Linux,211.108.212.246,"South Robinstad, Romania"
772,772,Laptop,Windows,181.37.14.2,"Wandastad, Belgium"
773,773,ATM Machine,Windows,112.64.208.247,"East Jasonbury, Mauritius"
774,774,POS Terminal,Windows,81.70.163.131,"South Robertborough, Northern Mariana Islands"
775,775,Mobile,Windows,146.213.165.141,"Millston, Chad"
776,776,Laptop,Android,118.23.140.151,"Petersenburgh, Saint Vincent and the Grenadines"
777,777,ATM Machine,iOS,21.9.137.25,"Martinport, Turkmenistan"
778,778,POS Terminal,iOS,116.152.112.193,"Gordonmouth, Monaco"
779,779,POS Terminal,Android,46.196.28.11,"Rachelburgh, Syrian Arab Republic"
780,780,Mobile,Android,173.124.245.146,"South Rebecca, Tonga"
781,781,Mobile,Windows,153.236.250.69,"Sanfordborough, Seychelles"
782,782,Mobile,Windows,16.139.41.228,"Arielview, Niger"
783,783,Laptop,Windows,182.150.172.242,"Macdonaldmouth, Mexico"
784,784,Laptop,Android,94.247.218.233,"Hornshire, British Virgin Islands"
785,785,ATM Machine,Android,114.178.194.63,"South Christina, Congo"
786,786,ATM Machine,Windows,73.11.76.145,"Carloschester, American Samoa"
787,787,POS Terminal,Linux,52.254.162.189,"Jeremymouth, Croatia"
788,788,POS Terminal,Android,163.4.247.186,"North Amy, Suriname"
789,789,POS Terminal,iOS,176.37.136.181,"Nicoleville, Ireland"
790,790,Laptop,iOS,151.224.140.140,"Deckerton, Maldives"
791,791,POS Terminal,Windows,182.93.79.57,"North Terranceshire, Christmas Island"
792,792,POS Terminal,Android,51.177.135.200,"Susanbury, Egypt"
793,793,Laptop,iOS,210.90.161.65,"Virginiaville, Bermuda"
794,794,Mobile,Android,40.86.224.23,"East Virginia, Korea"
795,795,POS Terminal,iOS,41.90.13.63,"Meltonfurt, Saint Vincent and the Grenadines"
796,796,Mobile,iOS,195.142.182.238,"Youngmouth, Mozambique"
797,797,POS Terminal,Linux,150.114.181.190,"Simsland, Bermuda"
798,798,POS Terminal,Linux,24.165.204.87,"East Kirsten, Tunisia"
799,799,Mobile,iOS,161.5.207.56,"North Eileenland, Bermuda"
800,800,Mobile,iOS,140.83.150.148,"North Erin, Haiti"
801,801,ATM Machine,Android,130.22.82.180,"West Alexiston, Germany"
802,802,ATM Machine,Windows,114.94.164.93,"Holmesshire, Grenada"
803,803,ATM Machine,Windows,72.25.151.78,"Port Deborahtown, United States Virgin Islands"
804,804,ATM Machine,Windows,139.165.243.27,"West Walterbury, Niue"
805,805,POS Terminal,iOS,94.93.113.173,"Bellview, Guinea"
806,806,ATM Machine,Android,70.95.241.98,"South Kathrynchester, Belgium"
807,807,ATM Machine,Android,96.68.32.152,"Thomashaven, Albania"
808,808,Mobile,Windows,156.6.138.253,"Nancyhaven, South Georgia and the South Sandwich Islands"
809,809,Mobile,Linux,74.252.85.14,"East Brent, Uruguay"
810,810,POS Terminal,Android,110.196.115.97,"South Davidmouth, Guyana"
811,811,Mobile,Linux,205.5.28.13,"East Justinhaven, Myanmar"
812,812,POS Terminal,Android,55.160.197.21,"Davidberg, Bhutan"
813,813,ATM Machine,iOS,165.19.61.208,"Alexanderhaven, Sweden"
814,814,POS Terminal,Android,151.251.36.249,"Harrisland, Uruguay"
815,815,Laptop,iOS,44.79.22.218,"Marthaborough, Burkina Faso"
816,816,Laptop,Android,223.63.234.242,"New James, Samoa"
817,817,Mobile,Linux,142.8.183.6,"Burnsstad, Cayman Islands"
818,818,Laptop,Windows,116.252.62.68,"South Ronald, Ukraine"
819,819,POS Terminal,Android,154.33.158.234,"West Andrewmouth, Equatorial Guinea"
820,820,ATM Machine,Android,173.3.226.46,"Cookfurt, Martinique"
821,821,POS Terminal,Android,3.186.25.123,"Clinefort, Maldives"
822,822,Mobile,Linux,103.39.89.214,"Guzmanshire, Estonia"
823,823,Laptop,iOS,42.208.250.201,"Curtismouth, Djibouti"
824,824,Laptop,Windows,87.70.111.189,"Lake Joseph, Jersey"
825,825,Laptop,Android,183.209.158.51,"Guzmanstad, Afghanistan"
826,826,Mobile,iOS,68.38.148.61,"Patrickport, Grenada"
827,827,POS Terminal,Android,174.226.198.15,"North Courtneyport, Ghana"
828,828,Mobile,iOS,54.199.64.94,"Gutierreztown, Timor-Leste"
829,829,ATM Machine,Linux,171.214.46.81,"West Stanleybury, New Zealand"
830,830,POS Terminal,Android,50.70.99.147,"North Kimberly, Kenya"
831,831,Laptop,iOS,29.46.165.24,"East Courtneymouth, Uzbekistan"
832,832,Laptop,Windows,46.147.13.119,"Leslieborough, Central African Republic"
833,833,Laptop,Windows,120.49.208.211,"South Angela, El Salvador"
834,834,Mobile,iOS,121.58.190.202,"Comptonbury, Maldives"
835,835,Laptop,Android,208.101.94.129,"Lake Cherylborough, Sierra Leone"
836,836,Mobile,Windows,71.54.26.164,"East Michellebury, Isle of Man"
837,837,ATM Machine,Android,207.143.169.102,"New Kristen, Mozambique"
838,838,ATM Machine,Android,182.192.115.69,"Lake Katherine, Falkland Islands (Malvinas)"
839,839,POS Terminal,iOS,175.52.63.10,"West Patriciatown, Guatemala"
840,840,Mobile,Windows,101.139.132.82,"North Kendrashire, Montenegro"
841,841,Mobile,Android,166.11.134.62,"Abigailbury, Malta"
842,842,POS Terminal,Linux,13.146.165.73,"Frazierhaven, French Southern Territories"
843,843,ATM Machine,Windows,134.59.231.254,"East Brendaview, Seychelles"
844,844,POS Terminal,iOS,67.109.73.138,"Smithbury, Austria"
845,845,ATM Machine,iOS,168.255.107.12,"New Elizabeth, Greenland"
846,846,POS Terminal,Windows,37.53.86.228,"Mariaport, Barbados"
847,847,ATM Machine,Linux,201.112.137.73,"Evanschester, Palau"
848,848,Mobile,Android,20.172.145.96,"Walkerburgh, Colombia"
849,849,Mobile,Linux,43.89.153.163,"North Trevor, Jordan"
850,850,Mobile,Linux,12.67.0.21,"Lake Christopherburgh, Maldives"
851,851,POS Terminal,Android,206.113.242.14,"Lindaberg, Cyprus"
852,852,ATM Machine,Windows,49.69.145.186,"Victoriatown, Bahamas"
853,853,Laptop,iOS,136.249.154.179,"North Aaronmouth, Iran"
854,854,Laptop,Android,83.85.55.77,"New Angela, Portugal"
855,855,Laptop,Linux,126.103.199.21,"Brooksville, Nepal"
856,856,Mobile,iOS,63.205.107.52,"New Evanview, Guatemala"
857,857,POS Terminal,Linux,56.155.230.156,"Loganland, Wallis and Futuna"
858,858,ATM Machine,Linux,191.45.75.148,"Chelseahaven, Burkina Faso"
859,859,Laptop,iOS,5.219.209.117,"North Christophermouth, Netherlands Antilles"
860,860,POS Terminal,Linux,209.68.196.27,"Knighthaven, Namibia"
861,861,Mobile,Android,162.61.151.109,"North Joseph, Mayotte"
862,862,Mobile,Windows,155.124.54.153,"South Ashleyborough, Ireland"
863,863,POS Terminal,Windows,170.226.116.51,"Martinezland, Romania"
864,864,ATM Machine,Linux,146.64.45.80,"South Toddland, Malawi"
865,865,POS Terminal,Linux,202.102.22.233,"Walkertown, New Zealand"
866,866,ATM Machine,Android,37.210.150.91,"East Lauraville, Latvia"
867,867,POS Terminal,iOS,42.189.3.59,"Jessicafort, Togo"
868,868,POS Terminal,iOS,190.192.221.0,"Brownburgh, Reunion"
869,869,Laptop,Linux,44.108.58.95,"Kristinashire, Czech Republic"
870,870,ATM Machine,iOS,116.191.34.24,"Brianmouth, Taiwan"
871,871,Laptop,Linux,17.47.87.106,"Port Pamelaton, Wallis and Futuna"
872,872,Mobile,Linux,6.188.23.115,"North Andrea, Italy"
873,873,Laptop,Linux,4.71.6.90,"Amandaburgh, Marshall Islands"
874,874,Laptop,Android,22.100.181.2,"New Patrickhaven, Morocco"
875,875,Laptop,Linux,118.124.225.112,"Billymouth, Burundi"
876,876,Laptop,Windows,63.119.74.207,"Judyberg, Haiti"
877,877,Laptop,iOS,74.40.132.155,"Matthewborough, Qatar"
878,878,Mobile,Windows,123.50.33.170,"West Sarahville, Tuvalu"
879,879,Mobile,iOS,129.184.248.150,"New Cathyton, Nicaragua"
880,880,ATM Machine,iOS,32.140.159.47,"West Stacy, Cook Islands"
881,881,POS Terminal,Linux,176.69.184.149,"Navarrostad, Mauritius"
882,882,POS Terminal,Linux,143.82.37.86,"West Austin, Colombia"
883,883,Mobile,Linux,190.173.195.159,"Lake Sara, Singapore"
884,884,POS Terminal,Linux,48.20.169.3,"West Robert, Central African Republic"
885,885,POS Terminal,Windows,173.121.45.215,"New Seanshire, Thailand"
886,886,Laptop,iOS,158.248.160.149,"Smithborough, Cambodia"
887,887,Mobile,Linux,92.181.136.51,"East Matthewbury, Norfolk Island"
888,888,ATM Machine,Android,18.211.22.205,"Davidsonmouth, Croatia"
889,889,Laptop,Android,133.135.1.190,"Thomasmouth, Namibia"
890,890,Mobile,iOS,122.72.8.38,"North Gregory, Sweden"
891,891,Laptop,iOS,187.80.94.30,"Brownfort, Christmas Island"
892,892,ATM Machine,Linux,142.38.158.156,"South James, Georgia"
893,893,Mobile,iOS,128.83.137.75,"South Joeview, Saudi Arabia"
894,894,ATM Machine,iOS,207.85.199.192,"Lake James, Equatorial Guinea"
895,895,Mobile,Windows,193.253.239.182,"West Shelley, Guadeloupe"
896,896,POS Terminal,Linux,152.252.127.173,"Schmidtstad, Cyprus"
897,897,POS Terminal,Linux,157.162.180.28,"Christopherfurt, Pakistan"
898,898,Mobile,iOS,44.26.194.165,"South Jeffrey, Greece"
899,899,Mobile,Linux,43.232.38.135,"Hectorbury, Liechtenstein"
900,900,ATM Machine,Linux,82.131.142.254,"Kimville, Greenland"
901,901,Mobile,Windows,14.18.168.95,"Thomasstad, Pitcairn Islands"
902,902,Mobile,Windows,63.107.29.12,"Gomezport, Japan"
903,903,Laptop,Windows,78.148.127.79,"North Lisa, Malta"
904,904,Laptop,Linux,72.88.196.94,"Lake Johnville, United Arab Emirates"
905,905,ATM Machine,Linux,97.171.248.106,"Sanchezhaven, Hungary"
906,906,Laptop,Android,100.9.174.217,"West Scott, Nepal"
907,907,POS Terminal,Windows,34.228.153.197,"Jonesbury, Rwanda"
908,908,POS Terminal,iOS,208.160.63.33,"Lake Jeremystad, Macedonia"
909,909,Mobile,iOS,76.243.91.8,"Lake Hollyville, Tonga"
910,910,Mobile,Linux,189.79.24.230,"Garciaburgh, Lithuania"
911,911,ATM Machine,Windows,76.3.197.94,"East Pamelaborough, Thailand"
912,912,Laptop,Windows,212.75.231.82,"North Barry, Macao"
913,913,ATM Machine,iOS,81.214.208.169,"Valeriehaven, Bhutan"
914,914,ATM Machine,iOS,76.66.85.175,"West Paula, Madagascar"
915,915,POS Terminal,Windows,133.193.170.21,"Richardsville, Congo"
916,916,Laptop,Android,59.131.48.218,"Riveraview, Gambia"
917,917,Mobile,Windows,17.18.74.131,"Garymouth, Saint Martin"
918,918,POS Terminal,Android,156.142.147.149,"New Andreaberg, Pakistan"
919,919,POS Terminal,Android,33.167.186.110,"Michaelland, Equatorial Guinea"
920,920,POS Terminal,Windows,130.28.73.169,"Reynoldsfurt, Afghanistan"
921,921,Laptop,Windows,96.107.248.148,"South Christopher, Taiwan"
922,922,Laptop,Windows,55.96.53.157,"North Robinshire, Kazakhstan"
923,923,ATM Machine,Android,19.64.54.130,"Brownborough, Guadeloupe"
924,924,Laptop,Android,134.78.146.145,"Jenniferfort, Armenia"
925,925,Mobile,Linux,81.129.129.116,"Raymondbury, Malta"
926,926,Laptop,Android,142.147.48.123,"North Alicia, Cape Verde"
927,927,POS Terminal,Android,64.107.189.210,"Loweville, Norway"
928,928,POS Terminal,Linux,49.230.108.67,"Josephborough, Samoa"
929,929,POS Terminal,Linux,11.106.9.30,"Glennmouth, Chile"
930,930,POS Terminal,Android,66.221.78.253,"Valerieport, Togo"
931,931,ATM Machine,iOS,174.238.124.135,"West Robert, Christmas Island"
932,932,Mobile,Windows,165.68.177.55,"Port Crystal, Bhutan"
933,933,ATM Machine,iOS,45.62.179.2,"South Nicolemouth, Kazakhstan"
934,934,Mobile,Windows,154.83.207.200,"Port Alexandria, Guinea-Bissau"
935,935,POS Terminal,Android,63.24.164.251,"Omarchester, Svalbard & Jan Mayen Islands"
936,936,ATM Machine,Windows,220.200.239.187,"Harringtonton, Papua New Guinea"
937,937,Mobile,Linux,8.208.20.5,"New Jeremyshire, Uganda"
938,938,Mobile,Linux,140.200.206.227,"Lake Brandon, Mauritius"
939,939,Laptop,iOS,149.113.87.219,"Coxfort, Guadeloupe"
940,940,Laptop,Android,67.126.188.27,"Danielborough, Korea"
941,941,Laptop,iOS,6.146.83.199,"Lake Dawn, Sweden"
942,942,ATM Machine,iOS,142.94.96.66,"Port Dustinmouth, Dominican Republic"
943,943,Mobile,iOS,193.252.48.35,"Flemington, Malta"
944,944,POS Terminal,Linux,143.49.74.150,"West Amanda, Mongolia"
945,945,POS Terminal,Android,41.31.139.124,"Port Ericfurt, Nauru"
946,946,Laptop,Windows,203.1.174.90,"Haleyhaven, Nicaragua"
947,947,POS Terminal,iOS,28.39.121.75,"Benjaminview, Azerbaijan"
948,948,Laptop,Windows,147.223.36.155,"Brownport, Kenya"
949,949,Laptop,iOS,8.130.135.236,"Roseshire, Netherlands Antilles"
950,950,ATM Machine,iOS,47.133.210.250,"New Tiffanytown, Latvia"
951,951,POS Terminal,Linux,79.154.86.93,"South Eric, Greece"
952,952,Laptop,Windows,137.241.78.194,"Tammystad, Rwanda"
953,953,ATM Machine,Android,201.160.244.33,"Velazquezfort, Palau"
954,954,ATM Machine,Linux,62.44.24.221,"Michaelmouth, Bangladesh"
955,955,Mobile,Linux,73.240.130.148,"Williammouth, Mauritius"
956,956,Laptop,Linux,164.58.147.61,"South William, Comoros"
957,957,ATM Machine,Windows,138.64.225.95,"Priceside, Korea"
958,958,Laptop,iOS,40.117.82.165,"Suttontown, Cocos (Keeling) Islands"
959,959,Mobile,Android,89.215.69.215,"New Christinetown, Bangladesh"
960,960,Mobile,iOS,192.131.160.201,"Anthonyview, Mauritius"
961,961,Laptop,iOS,133.147.52.11,"Harrisonfurt, Kazakhstan"
962,962,ATM Machine,Linux,180.86.234.3,"Hallshire, Macao"
963,963,Laptop,Linux,131.83.236.183,"Laurenbury, Gabon"
964,964,Mobile,Windows,79.33.130.248,"North Leebury, Heard Island and McDonald Islands"
965,965,ATM Machine,Windows,99.181.60.173,"Tuckerfort, Netherlands"
966,966,ATM Machine,Linux,159.128.139.89,"Jillland, Dominica"
967,967,ATM Machine,Linux,194.237.177.170,"North Cameron, Maldives"
968,968,POS Terminal,Android,179.82.185.160,"East Danielberg, Guernsey"
969,969,ATM Machine,iOS,44.7.85.136,"Howellberg, Wallis and Futuna"
970,970,Laptop,Windows,188.119.82.246,"West Ashleyberg, Angola"
971,971,Mobile,Linux,93.72.210.36,"South Amber, Bolivia"
972,972,ATM Machine,iOS,152.123.217.116,"Port Garrett, Denmark"
973,973,Mobile,Windows,69.151.6.65,"Stevensside, British Indian Ocean Territory (Chagos Archipelago)"
974,974,Mobile,iOS,208.122.82.154,"South Kimberly, Pitcairn Islands"
975,975,Laptop,iOS,101.88.167.7,"Meganview, Tunisia"
976,976,Laptop,Android,86.220.244.233,"Nathanielton, Gabon"
977,977,ATM Machine,Linux,159.104.3.152,"Calvinland, Portugal"
978,978,POS Terminal,iOS,1.25.242.98,"Matthewmouth, Poland"
979,979,Mobile,Android,164.73.200.9,"Marquezborough, Gibraltar"
980,980,Laptop,Android,90.216.223.232,"Jamesstad, Kuwait"
981,981,Laptop,Windows,2.238.165.24,"Cohenborough, Cyprus"
982,982,Mobile,iOS,198.180.140.175,"East Melaniefurt, Spain"
983,983,Laptop,Android,93.106.174.40,"Davidtown, Nicaragua"
984,984,Mobile,Linux,199.246.47.14,"Heatherland, Italy"
985,985,ATM Machine,Linux,34.133.234.240,"West Lisa, Greenland"
986,986,Laptop,Linux,197.151.128.249,"Port Jonathanview, Italy"
987,987,ATM Machine,Windows,37.123.55.33,"West Daniel, Panama"
988,988,POS Terminal,Android,180.161.4.149,"East Loriton, Pakistan"
989,989,Mobile,Linux,139.156.85.54,"South Davidstad, Georgia"
990,990,Laptop,iOS,134.83.98.218,"Marshallville, Timor-Leste"
991,991,Laptop,Windows,217.167.97.136,"Victorfort, Malawi"
992,992,Mobile,iOS,134.231.154.179,"South Leslie, Portugal"
993,993,Mobile,Windows,29.197.26.98,"Lake Annafurt, Slovakia (Slovak Republic)"
994,994,Laptop,Windows,178.60.242.185,"South Joseph, San Marino"
995,995,ATM Machine,Windows,217.70.173.79,"Lake Elizabeth, Sri Lanka"
996,996,Laptop,iOS,157.99.41.133,"North Ashley, Brazil"
997,997,POS Terminal,iOS,219.200.102.6,"West John, Liechtenstein"
998,998,ATM Machine,Android,119.243.235.153,"Matthewton, Philippines"
999,999,ATM Machine,Windows,204.193.10.134,"West Wesleyberg, Greenland"
1000,1000,ATM Machine,Android,192.146.36.99,"Huntertown, Guadeloupe"
